PLAYER,TEAM,AGE,GP,W,L,MIN,OFFRTG,DEFRTG,NETRTG,AST%,AST/TO,AST Ratio,OREB%,DREB%,REB%,TO Ratio,eFG%,TS%,USG%,PACE,PIE,POSS,2021/22 Salary,Team Payroll,Percentage of Team Payroll
Joel Embiid,PHI,28,68,45,23,33.8,115.6,107.8,7.9,23.6,1.33,13.0,6.8,27.3,17.6,9.8,53.4,61.6,37.5,96.96,21.2,4640,31579390.0,148922969.0,21.2
James Harden,PHI,32,65,40,25,37.2,114.9,111.4,3.5,40.1,2.35,30.9,2.4,17.6,10.3,13.1,48.5,58.3,26.6,99.49,15.3,5015,44310840.0,148922969.0,29.8
DeAndre Jordan,PHI,33,48,26,22,13.0,100.7,111.5,-10.8,5.1,0.57,9.5,12.7,26.2,19.6,16.8,64.3,64.1,13.2,102.03,12.0,1321,11109327.0,148922969.0,7.5
Tobias Harris,PHI,29,73,45,28,34.8,113.2,110.0,3.2,15.8,2.17,17.1,3.2,16.4,9.9,7.9,53.2,56.6,21.4,96.79,11.5,5131,35995950.0,148922969.0,24.2
Tyrese Maxey,PHI,21,75,45,30,35.3,113.3,109.7,3.6,19.1,3.65,21.4,1.0,8.0,4.6,5.9,55.2,59.4,19.9,97.10,10.5,5362,2602920.0,148922969.0,1.7
Paul Reed,PHI,22,38,21,17,8.0,107.7,113.9,-6.2,8.1,1.60,12.5,13.7,16.4,15.0,7.8,57.3,56.8,15.1,99.08,10.5,624,1517981.0,148922969.0,1.0
Shake Milton,PHI,25,55,34,21,21.4,108.6,109.6,-1.0,17.8,3.16,22.6,2.5,9.4,5.9,7.2,48.3,51.7,17.4,98.24,7.9,2412,1846738.0,148922969.0,1.2
Furkan Korkmaz,PHI,24,67,44,23,21.1,108.8,108.0,0.8,12.9,2.65,18.6,1.5,10.4,6.1,7.0,46.9,50.2,17.0,99.33,7.6,2929,4629630.0,148922969.0,3.1
Georges Niang,PHI,28,76,48,28,22.8,110.9,109.0,1.9,9.0,1.73,13.7,1.4,9.7,5.7,7.9,57.5,59.4,16.0,98.83,6.6,3575,3300000.0,148922969.0,2.2
Paul Millsap,PHI,37,33,22,11,11.4,106.9,110.4,-3.5,12.1,1.53,16.7,9.6,18.2,13.7,10.9,42.6,45.8,15.8,99.65,6.4,782,2641691.0,148922969.0,1.8
Matisse Thybulle,PHI,25,66,43,23,25.5,110.9,107.2,3.8,6.3,1.92,17.4,2.6,6.4,4.5,9.0,57.5,59.4,9.5,97.32,5.7,3398,2840160.0,148922969.0,1.9
Danny Green,PHI,34,62,37,25,21.8,111.5,108.5,3.0,6.5,1.42,14.7,2.5,9.1,5.9,10.3,55.5,56.1,12.1,98.81,5.4,2784,10000000.0,148922969.0,6.7
Isaiah Joe,PHI,22,55,35,20,11.1,108.2,106.5,1.7,8.0,1.84,14.5,1.0,7.9,4.5,7.9,47.7,51.9,14.4,99.35,5.1,1262,1517981.0,148922969.0,1.0
Giannis Antetokounmpo,MIL,27,67,45,22,32.9,115.9,107.9,8.0,30.4,1.77,17.8,6.0,26.7,16.8,10.0,58.2,63.3,34.0,103.12,21.0,4743,39344900.0,160875421.0,24.5
Jrue Holiday,MIL,31,67,47,20,32.9,118.2,109.7,8.5,29.7,2.50,27.3,3.1,10.0,6.6,10.9,57.0,59.3,23.1,101.18,12.6,4666,31171333.0,160875421.0,19.4
Khris Middleton,MIL,30,66,44,22,32.4,115.0,109.6,5.4,24.6,1.88,21.3,1.9,13.6,7.9,11.3,52.2,57.7,25.5,102.88,12.2,4613,35500000.0,160875421.0,22.1
Bobby Portis,MIL,27,72,46,26,28.2,114.7,108.5,6.3,6.1,0.96,7.8,8.5,21.8,15.3,8.2,55.5,57.1,20.7,101.53,11.7,4311,4347600.0,160875421.0,2.7
Serge Ibaka,MIL,32,54,30,24,16.3,106.0,108.9,-3.0,8.4,1.14,12.1,7.0,19.7,13.5,10.6,56.3,57.9,17.2,101.49,9.6,1856,9720900.0,160875421.0,6.0
Sandro Mamukelashvili,MIL,23,41,22,19,9.9,99.6,117.3,-17.6,8.4,1.47,13.7,7.9,11.6,9.7,9.3,59.1,61.8,14.2,100.54,9.0,855,462629.0,160875421.0,0.3
Pat Connaughton,MIL,29,65,41,24,26.0,111.3,112.1,-0.7,6.7,2.34,12.9,2.5,13.0,7.7,5.5,60.5,62.0,13.7,101.72,8.9,3583,5333334.0,160875421.0,3.3
Grayson Allen,MIL,26,66,43,23,27.3,112.5,107.5,5.0,7.5,2.33,13.6,1.7,9.7,5.8,5.8,58.8,60.9,14.8,101.69,8.1,3842,4054695.0,160875421.0,2.5
George Hill,MIL,36,54,36,18,23.2,112.5,100.8,11.7,12.4,2.93,25.9,2.9,8.4,5.8,8.9,50.4,55.2,11.5,101.54,7.3,2652,5275491.0,160875421.0,3.3
Jordan Nwora,MIL,23,62,34,28,19.1,109.5,112.5,-3.0,7.1,1.04,9.9,3.0,14.7,8.9,9.5,48.8,50.6,18.7,103.21,7.2,2548,1517981.0,160875421.0,0.9
Jevon Carter,MIL,26,66,39,27,13.7,107.3,110.3,-3.0,14.8,2.82,24.6,1.4,9.7,5.6,8.7,51.8,53.1,13.5,101.81,6.7,1922,4107149.0,160875421.0,2.6
Thanasis Antetokounmpo,MIL,29,48,26,22,9.9,104.3,114.4,-10.1,7.1,0.85,11.1,8.3,12.9,10.6,13.1,55.5,57.7,15.5,102.22,6.7,1002,1729217.0,160875421.0,1.1
Wesley Matthews,MIL,35,49,33,16,20.5,114.4,107.7,6.7,4.7,2.00,12.6,2.9,5.6,4.3,6.3,51.6,53.6,10.4,102.71,3.5,2142,1958495.0,160875421.0,1.2
Luka Doncic,DAL,23,65,44,21,35.4,113.8,110.3,3.5,45.8,1.95,22.9,2.5,23.0,12.9,11.8,52.9,57.1,36.8,96.18,19.1,4604,10174391.0,126696965.0,8.0
Jalen Brunson,DAL,25,79,50,29,31.9,113.8,109.4,4.4,23.7,3.04,23.7,1.7,10.5,6.2,7.8,54.9,58.3,21.5,95.68,12.2,5036,1802057.0,126696965.0,1.4
Spencer Dinwiddie,DAL,29,67,38,29,29.6,108.4,109.4,-1.0,27.0,3.33,26.8,2.2,11.1,6.8,8.0,49.3,54.3,20.8,98.28,10.7,4052,19314284.0,126696965.0,15.2
Dwight Powell,DAL,30,82,52,30,21.9,113.2,110.6,2.5,8.1,1.52,15.1,9.9,13.4,11.6,10.0,68.7,72.5,13.6,95.12,10.2,3556,11080125.0,126696965.0,8.7
Marquese Chriss,DAL,24,34,24,10,10.2,105.4,107.5,-2.1,7.9,1.00,9.3,9.6,19.7,14.7,9.3,49.3,51.8,20.5,99.91,8.2,722,1292900.0,126696965.0,1.0
Maxi Kleber,DAL,30,59,36,23,24.6,109.2,105.3,3.9,6.7,1.45,13.6,4.7,18.2,11.6,9.4,51.6,53.7,13.1,96.44,8.1,2916,8750000.0,126696965.0,6.9
Dorian Finney-Smith,DAL,29,80,51,29,33.0,114.8,110.4,4.4,8.0,1.88,15.6,4.7,9.5,7.2,8.3,59.5,60.4,13.8,94.83,7.6,5227,4000000.0,126696965.0,3.2
Sterling Brown,DAL,27,49,31,18,12.8,105.4,103.1,2.3,7.8,1.48,15.5,3.9,18.8,11.3,10.5,47.1,49.5,12.4,100.21,7.3,1313,3000000.0,126696965.0,2.4
Frank Ntilikina,DAL,23,58,34,24,11.8,106.6,102.3,4.3,14.9,2.23,20.7,1.6,9.4,5.5,9.3,48.4,51.3,16.5,99.20,7.3,1416,1789256.0,126696965.0,1.4
Josh Green,DAL,21,67,44,23,15.5,107.5,103.8,3.7,11.0,1.80,19.8,4.9,10.5,7.7,11.1,56.3,57.8,13.0,100.49,7.2,2170,2957520.0,126696965.0,2.3
Trey Burke,DAL,29,42,24,18,10.5,103.6,104.2,-0.5,21.9,2.19,18.4,0.9,6.4,3.7,8.4,45.1,47.5,25.0,99.17,6.9,909,3150000.0,126696965.0,2.5
Reggie Bullock,DAL,31,68,44,24,28.0,113.3,106.7,6.6,6.0,2.08,13.1,1.7,10.6,6.3,6.3,54.2,55.8,12.8,96.22,6.5,3821,9536000.0,126696965.0,7.5
Davis Bertans,DAL,29,56,32,24,14.4,109.5,108.5,1.0,5.4,1.63,9.1,1.4,12.7,7.1,5.6,50.0,53.1,16.5,99.72,6.0,1681,16000000.0,126696965.0,12.6
LeBron James,LAL,37,56,25,31,37.2,110.9,113.5,-2.5,29.7,1.78,18.4,3.1,18.5,10.9,10.4,59.0,61.9,31.7,100.92,18.0,4380,41180544.0,164409293.0,25.0
Anthony Davis,LAL,29,40,17,23,35.1,105.9,108.9,-3.0,14.7,1.49,12.2,7.2,19.6,13.4,8.2,54.2,57.8,26.3,101.79,15.9,2977,35361360.0,164409293.0,21.5
Russell Westbrook,LAL,33,78,31,47,34.3,107.5,111.5,-4.0,31.1,1.86,24.4,3.9,16.5,10.3,13.1,47.6,51.2,26.4,102.57,11.3,5730,44211146.0,164409293.0,26.9
Dwight Howard,LAL,36,60,21,39,16.2,109.3,115.0,-5.7,4.9,0.74,9.5,12.0,24.6,18.2,12.8,63.0,65.7,14.5,100.13,11.2,2019,2641691.0,164409293.0,1.6
Malik Monk,LAL,24,76,32,44,28.1,113.2,112.9,0.3,14.4,1.79,17.9,1.7,9.9,5.8,10.0,57.8,59.7,19.5,101.65,9.3,4546,1789256.0,164409293.0,1.1
Carmelo Anthony,LAL,38,69,27,42,26.0,108.7,111.7,-2.9,5.6,1.15,7.5,3.4,11.6,7.6,6.5,54.4,57.9,19.5,103.07,8.9,3862,2641691.0,164409293.0,1.6
Austin Reaves,LAL,24,61,28,33,23.2,110.8,109.0,1.8,10.1,2.75,21.2,3.1,9.9,6.6,7.7,54.2,60.0,12.1,101.81,7.6,3007,925258.0,164409293.0,0.6
Talen Horton-Tucker,LAL,21,60,23,37,25.2,107.9,110.1,-2.2,15.3,1.94,19.1,2.4,10.0,6.1,9.8,46.2,50.3,18.9,101.27,7.0,3179,9500000.0,164409293.0,5.8
Wayne Ellington,LAL,34,43,15,28,18.8,107.5,111.3,-3.8,5.5,1.58,10.5,1.2,7.8,4.6,6.6,58.6,59.3,13.5,101.01,6.4,1708,2641691.0,164409293.0,1.6
Stanley Johnson,LAL,26,48,16,32,22.8,114.0,115.2,-1.1,9.4,2.29,20.1,3.2,10.9,7.1,8.8,53.2,56.4,12.5,100.83,6.0,2289,1368998.0,164409293.0,0.8
Trevor Ariza,LAL,36,24,8,16,19.3,106.9,112.2,-5.3,7.9,2.45,18.6,2.0,15.1,8.4,7.6,43.4,44.9,11.0,99.42,5.9,955,2641691.0,164409293.0,1.6
Wenyen Gabriel,LAL,25,26,8,18,13.8,118.1,111.4,6.7,5.3,0.88,8.9,10.5,15.1,12.8,10.1,52.7,54.9,16.5,101.67,5.6,757,522015.0,164409293.0,0.3
Avery Bradley,LAL,31,62,27,35,22.7,105.4,111.2,-5.8,4.6,1.24,10.6,2.1,7.3,4.7,8.6,54.0,55.0,11.9,100.99,4.5,2953,2641691.0,164409293.0,1.6
Kent Bazemore,LAL,32,39,16,23,14.0,99.8,108.7,-8.9,8.5,1.62,16.8,2.2,9.7,5.9,10.4,42.8,45.1,12.8,103.78,3.2,1171,2401537.0,164409293.0,1.5
Kevin Durant,BKN,33,55,36,19,37.2,116.2,109.7,6.5,27.4,1.84,19.1,1.5,16.6,9.7,10.4,57.0,63.4,31.0,101.17,18.0,4311,42018900.0,174811922.0,24.0
Andre Drummond,BKN,28,73,42,31,19.7,112.2,109.8,2.4,13.0,1.14,17.5,15.5,30.5,23.0,15.4,57.0,57.4,18.1,99.27,14.0,2957,2401537.0,174811922.0,1.4
Kyrie Irving,BKN,30,29,14,15,37.6,118.9,113.8,5.2,23.5,2.29,18.5,1.5,9.6,5.7,8.1,55.0,59.2,28.3,100.75,13.5,2292,35328700.0,174811922.0,20.2
LaMarcus Aldridge,BKN,36,47,26,21,22.3,111.3,111.1,0.1,6.2,0.95,7.2,7.1,16.0,11.8,7.5,56.6,60.4,21.9,100.81,12.8,2213,2641691.0,174811922.0,1.5
Day'Ron Sharpe,BKN,20,32,12,20,12.2,115.6,108.8,6.9,6.2,0.57,8.0,19.7,19.8,19.8,14.1,58.4,59.3,20.5,99.71,11.1,812,2009160.0,174811922.0,1.1
Bruce Brown,BKN,25,72,37,35,24.6,111.7,112.0,-0.3,11.4,2.64,19.4,5.6,13.0,9.4,7.3,54.3,57.5,14.6,100.26,9.3,3690,4736102.0,174811922.0,2.7
Seth Curry,BKN,31,64,38,26,33.3,113.7,109.2,4.5,16.2,2.11,20.8,1.0,8.2,4.7,9.9,59.4,61.5,18.2,96.94,9.2,4311,8207518.0,174811922.0,4.7
Blake Griffin,BKN,33,56,29,27,17.1,107.8,112.5,-4.7,15.7,3.39,21.8,6.1,16.9,11.6,6.4,48.6,51.8,16.7,101.65,9.1,2030,32405817.0,174811922.0,18.5
Cam Thomas,BKN,20,67,32,35,17.6,106.3,112.7,-6.4,10.2,1.42,11.5,1.3,11.8,6.5,8.1,48.0,51.9,21.2,100.69,8.9,2476,2036280.0,174811922.0,1.2
Goran Dragic,BKN,36,21,10,11,23.7,112.1,111.7,0.4,22.7,2.53,30.1,2.7,10.4,6.6,11.9,43.0,47.4,16.6,102.37,7.2,1062,19348907.0,174811922.0,11.1
James Johnson,BKN,35,62,30,32,19.2,108.9,110.5,-1.6,15.3,2.71,25.6,4.1,12.7,8.5,9.4,50.7,51.3,13.6,98.66,6.8,2440,2641691.0,174811922.0,1.5
Kessler Edwards,BKN,21,48,22,26,20.6,112.2,115.5,-3.3,4.0,0.74,8.9,4.3,12.4,8.4,12.1,50.2,51.6,13.2,100.72,5.1,2075,463211.0,174811922.0,0.3
Rudy Gobert,UTA,29,66,42,24,32.1,114.1,104.5,9.6,5.2,0.61,8.0,11.4,31.2,21.7,13.2,71.3,73.2,16.6,99.23,17.7,4381,34844000.0,149259891.0,23.3
Donovan Mitchell,UTA,25,67,41,26,33.8,117.6,111.7,5.9,26.7,1.79,17.4,2.4,9.6,6.1,9.7,53.3,57.2,32.2,98.77,13.5,4662,28103500.0,149259891.0,18.8
Hassan Whiteside,UTA,32,65,40,25,17.9,119.2,109.0,10.1,3.1,0.49,5.4,14.2,27.5,20.9,11.0,65.2,66.2,16.4,99.72,13.2,2408,2401537.0,149259891.0,1.6
Mike Conley,UTA,34,72,44,28,28.6,112.5,104.9,7.7,28.1,3.13,28.1,2.3,7.9,5.1,9.0,54.2,57.2,20.2,99.63,11.3,4281,21000000.0,149259891.0,14.1
Bojan Bogdanovic,UTA,33,69,45,24,30.9,116.2,111.4,4.8,8.6,1.02,9.4,2.7,10.6,6.8,9.2,55.2,59.9,23.2,98.59,10.2,4382,18700000.0,149259891.0,12.5
Jordan Clarkson,UTA,29,79,47,32,27.1,115.7,107.0,8.7,14.4,1.50,12.9,3.0,9.1,6.1,8.6,50.4,53.2,25.8,98.29,9.7,4384,12420000.0,149259891.0,8.3
Rudy Gay,UTA,35,55,34,21,18.9,113.6,104.9,8.7,7.8,1.19,10.9,5.0,16.6,10.9,9.1,50.7,53.9,18.5,100.00,9.0,2161,5890000.0,149259891.0,3.9
Eric Paschall,UTA,25,58,36,22,12.7,108.9,111.3,-2.3,7.4,1.33,10.8,4.2,10.0,7.2,8.1,57.0,61.2,17.4,99.13,8.5,1524,1782621.0,149259891.0,1.2
Trent Forrest,UTA,23,60,36,24,12.8,113.0,108.5,4.5,18.8,2.21,32.1,3.1,9.3,6.4,14.5,50.6,55.4,12.4,98.16,7.9,1569,463211.0,149259891.0,0.3
Jared Butler,UTA,21,42,31,11,8.6,112.5,112.6,-0.1,25.8,1.91,24.8,1.4,10.2,6.1,13.0,49.7,50.9,22.1,101.73,7.3,758,925258.0,149259891.0,0.6
Nickeil Alexander-Walker,UTA,23,65,29,36,22.6,107.6,110.7,-3.1,16.6,1.68,16.0,2.4,10.3,6.2,9.5,44.9,47.5,23.7,99.02,7.2,3015,3261480.0,149259891.0,2.2
Royce O'Neale,UTA,28,77,46,31,31.2,115.8,110.5,5.3,10.4,2.42,25.9,2.7,12.0,7.5,10.7,59.1,60.8,9.8,98.50,6.9,4924,8800000.0,149259891.0,5.9
Jimmy Butler,MIA,32,57,38,19,33.9,114.4,108.4,6.1,26.4,2.58,21.4,5.5,12.5,9.0,8.3,49.6,59.2,26.0,96.49,16.4,3886,36016200.0,140840240.0,25.6
Bam Adebayo,MIA,24,56,36,20,32.6,113.1,104.9,8.1,17.2,1.28,15.7,8.0,23.4,15.9,12.2,55.7,60.8,24.8,97.21,16.1,3696,28103500.0,140840240.0,20.0
Tyler Herro,MIA,22,66,44,22,32.6,113.4,108.1,5.3,20.5,1.51,15.9,1.5,13.3,7.6,10.6,52.5,56.1,27.8,97.92,12.9,4391,4004280.0,140840240.0,2.8
Omer Yurtseven,MIA,23,56,39,17,12.6,113.3,108.0,5.3,10.5,1.20,13.5,12.0,29.3,20.7,11.3,52.8,54.6,19.0,98.22,12.7,1439,1489065.0,140840240.0,1.1
Dewayne Dedmon,MIA,32,67,43,24,15.9,109.5,106.0,3.5,6.9,0.67,10.4,10.0,25.1,17.8,15.5,59.8,63.2,16.4,98.33,11.3,2169,5256308.0,140840240.0,3.7
Kyle Lowry,MIA,36,63,41,22,33.9,112.5,106.6,5.9,32.1,2.82,35.2,1.6,11.6,6.7,12.5,55.5,60.0,17.8,98.25,11.2,4364,26984128.0,140840240.0,19.2
Caleb Martin,MIA,26,60,37,23,22.9,111.8,106.2,5.7,6.8,1.23,11.3,5.4,11.4,8.5,9.2,58.5,61.1,15.8,98.80,9.4,2823,844011.0,140840240.0,0.6
Max Strus,MIA,26,68,46,22,23.3,113.7,108.1,5.6,8.6,1.61,12.6,1.6,11.2,6.5,7.8,60.2,61.4,17.7,97.07,8.6,3205,1669178.0,140840240.0,1.2
Gabe Vincent,MIA,25,68,47,21,23.4,109.1,106.0,3.1,19.8,2.14,24.9,1.4,6.4,4.0,11.6,53.3,55.1,17.4,97.65,7.0,3232,1669178.0,140840240.0,1.2
Duncan Robinson,MIA,28,79,52,27,25.9,110.4,107.9,2.6,9.5,2.15,13.8,1.2,8.9,5.0,6.4,55.9,57.3,17.4,96.48,6.7,4106,15650000.0,140840240.0,11.1
Markieff Morris,MIA,32,17,10,7,17.5,112.4,107.9,4.5,11.6,1.15,14.3,5.9,8.9,7.5,12.4,53.1,54.7,19.7,99.27,6.6,613,2641691.0,140840240.0,1.9
Mychal Mulder,MIA,27,17,3,14,14.1,100.6,110.8,-10.3,3.1,0.63,5.4,0.7,8.9,4.5,8.7,42.2,43.8,15.3,101.29,3.0,504,257902.0,140840240.0,0.2
Dejounte Murray,SAS,25,68,30,38,34.8,112.9,111.0,1.9,38.8,3.48,29.2,3.1,19.6,11.2,8.4,50.0,53.3,26.8,101.61,16.3,4988,15428880.0,127655401.0,12.1
Jakob Poeltl,SAS,26,68,30,38,29.0,115.2,111.8,3.4,13.1,1.73,18.1,12.5,18.4,15.4,10.4,61.9,61.3,18.2,100.62,11.9,4119,8750000.0,127655401.0,6.9
Zach Collins,SAS,24,28,14,14,17.9,110.9,107.8,3.1,17.0,1.36,21.2,8.5,19.7,14.1,15.6,53.5,59.4,18.4,104.12,10.7,1091,7000000.0,127655401.0,5.5
Tre Jones,SAS,22,69,32,37,16.6,108.8,109.3,-0.5,28.0,5.07,35.7,2.4,10.3,6.4,7.1,50.4,54.5,15.1,102.57,10.5,2452,1517981.0,127655401.0,1.2
Keldon Johnson,SAS,22,75,33,42,31.9,113.2,111.1,2.1,9.1,1.72,11.6,3.1,14.8,8.9,6.8,54.5,57.4,21.0,101.51,10.2,5043,2145720.0,127655401.0,1.7
Jock Landale,SAS,26,54,24,30,10.9,107.9,109.0,-1.1,11.5,1.45,15.2,9.4,11.8,10.6,10.4,56.6,59.7,17.2,103.34,9.7,1266,925258.0,127655401.0,0.7
Keita Bates-Diop,SAS,26,59,23,36,16.2,107.0,106.2,0.8,5.9,0.91,10.9,6.1,16.3,11.2,12.0,54.9,57.8,14.4,102.27,9.2,2032,1729217.0,127655401.0,1.4
Devin Vassell,SAS,21,71,29,42,27.3,111.2,110.2,1.0,9.6,2.34,13.6,2.1,12.8,7.4,5.8,51.6,54.0,18.4,102.50,8.7,4131,4235160.0,127655401.0,3.3
Josh Richardson,SAS,28,65,38,27,24.6,112.3,107.8,4.5,10.5,1.74,15.2,2.6,8.7,5.7,8.7,53.4,57.3,17.1,98.91,8.3,3292,11615328.0,127655401.0,9.1
Doug McDermott,SAS,30,51,21,30,24.0,112.3,114.1,-1.8,6.8,1.49,10.8,1.4,7.6,4.5,7.3,57.8,59.3,17.8,102.53,6.8,2617,13750000.0,127655401.0,10.8
Romeo Langford,SAS,22,48,24,24,16.1,104.0,103.1,1.0,4.0,1.31,8.5,3.5,9.2,6.3,6.5,51.0,52.0,12.3,99.06,6.1,1586,3804360.0,127655401.0,3.0
Ja Morant,MEM,22,57,36,21,33.1,115.3,111.2,4.1,33.0,1.96,19.8,3.7,12.4,8.0,10.1,53.0,57.5,33.0,101.46,16.3,4003,9603360.0,117284457.0,8.2
Brandon Clarke,MEM,25,64,44,20,19.5,113.2,105.7,7.5,10.1,2.53,13.9,9.9,14.8,12.3,5.5,65.0,66.0,17.1,104.61,14.1,2703,2726880.0,117284457.0,2.3
Tyus Jones,MEM,26,73,51,22,21.2,113.0,105.5,7.6,28.5,7.04,34.2,1.0,9.7,5.2,4.9,52.4,54.4,16.4,100.93,12.6,3262,8376286.0,117284457.0,7.1
Desmond Bane,MEM,23,76,53,23,29.8,114.7,107.8,6.9,13.6,1.87,14.1,1.8,11.8,6.8,7.5,56.5,59.2,22.6,100.73,11.6,4770,2033160.0,117284457.0,1.7
Steven Adams,MEM,28,76,51,25,26.3,117.8,109.5,8.3,15.5,2.23,30.5,15.9,19.8,17.8,13.7,54.7,56.0,11.8,99.57,10.8,4150,17073171.0,117284457.0,14.6
Kyle Anderson,MEM,28,69,46,23,21.5,110.3,108.3,2.0,16.2,2.58,23.9,4.1,19.6,11.5,9.3,48.4,50.6,15.6,103.71,10.5,3203,9937150.0,117284457.0,8.5
De'Anthony Melton,MEM,24,73,49,24,22.7,112.0,106.4,5.6,15.7,1.73,18.4,3.4,15.0,9.0,10.6,50.4,52.9,20.5,103.64,10.3,3587,8805976.0,117284457.0,7.5
John Konchar,MEM,26,72,48,24,17.9,109.7,107.0,2.7,10.9,3.76,25.8,5.9,18.2,11.7,6.9,61.5,61.5,9.7,101.72,10.2,2745,2200000.0,117284457.0,1.9
Xavier Tillman,MEM,23,53,35,18,13.2,105.0,106.4,-1.4,12.7,1.82,18.1,8.4,13.8,10.9,9.9,47.7,51.0,16.4,100.82,9.4,1469,1517981.0,117284457.0,1.3
Dillon Brooks,MEM,26,32,22,10,27.7,116.9,105.9,11.0,14.7,1.76,12.5,3.0,8.0,5.5,7.1,47.5,51.5,28.3,101.53,9.1,1872,12200000.0,117284457.0,10.4
Ziaire Williams,MEM,20,62,41,21,21.7,112.9,108.8,4.2,6.2,1.59,11.8,1.7,7.1,4.4,7.4,54.0,55.9,14.4,103.22,5.5,2896,4373040.0,117284457.0,3.7
Jarrett Culver,MEM,23,37,28,9,9.1,104.3,106.6,-2.3,13.5,1.65,16.3,3.3,10.1,6.5,9.9,42.2,43.3,19.9,103.26,4.8,727,6395160.0,117284457.0,5.5
Killian Tillie,MEM,24,36,27,9,12.8,109.2,105.8,3.4,6.1,1.69,13.3,4.0,8.5,6.1,7.8,44.5,45.2,12.8,99.68,3.4,955,1901625.0,117284457.0,1.6
Domantas Sabonis,SAC,26,62,21,41,34.4,109.5,110.1,-0.6,23.9,1.66,22.5,9.2,26.4,17.6,13.6,59.8,63.7,22.1,99.20,16.1,4420,18500000.0,130457848.0,14.2
Richaun Holmes,SAC,28,45,16,29,23.9,107.2,113.0,-5.8,6.8,0.86,10.9,8.2,19.8,14.0,12.8,66.3,68.9,15.3,101.69,11.6,2274,10384500.0,130457848.0,8.0
Trey Lyles,SAC,26,75,19,56,20.5,106.4,113.6,-7.2,9.0,1.21,10.7,5.6,18.9,12.1,8.9,52.6,58.8,20.5,100.80,11.5,3228,2500000.0,130457848.0,1.9
Damian Jones,SAC,26,56,19,37,18.2,106.7,113.5,-6.8,10.6,1.17,15.4,7.4,16.4,12.0,13.1,67.7,70.1,16.3,100.52,11.0,2116,1977011.0,130457848.0,1.5
De'Aaron Fox,SAC,24,59,22,37,35.3,112.1,116.5,-4.4,25.4,1.96,19.0,1.2,9.6,5.4,9.7,50.6,54.9,28.4,101.88,11.0,4423,28103500.0,130457848.0,21.5
Harrison Barnes,SAC,30,77,27,50,33.6,110.0,116.7,-6.7,10.3,1.58,14.2,3.1,13.5,8.2,9.0,55.4,62.3,18.4,101.14,10.5,5446,20284091.0,130457848.0,15.5
Chimezie Metu,SAC,25,60,23,37,21.3,106.1,111.8,-5.7,7.1,0.98,9.8,2.7,22.7,12.9,10.0,51.6,54.6,18.4,101.50,10.4,2704,1762796.0,130457848.0,1.4
Jeremy Lamb,SAC,30,56,23,33,16.7,110.3,109.7,0.6,12.4,2.19,15.9,2.6,13.4,7.9,7.3,46.3,52.1,18.9,100.62,9.2,1965,10500000.0,130457848.0,8.0
Terence Davis,SAC,25,30,11,19,17.9,113.4,109.0,4.4,10.7,1.21,11.2,1.9,13.8,8.0,9.2,51.5,54.3,24.4,102.84,9.1,1153,4000000.0,130457848.0,3.1
Donte DiVincenzo,SAC,25,42,21,21,23.9,107.5,111.2,-3.7,16.7,1.64,21.0,3.9,12.5,8.2,12.8,46.1,51.0,18.7,102.79,8.0,2155,4675830.0,130457848.0,3.6
Davion Mitchell,SAC,23,75,28,47,27.7,105.3,111.3,-6.0,23.5,2.75,24.0,1.5,6.2,3.8,8.7,47.7,48.9,20.2,100.85,7.4,4356,4603200.0,130457848.0,3.5
Alex Len,SAC,28,39,17,22,15.9,106.0,111.4,-5.5,10.4,1.05,15.4,7.6,16.8,12.1,14.7,55.1,57.7,16.5,102.74,7.4,1326,3732000.0,130457848.0,2.9
Josh Jackson,SAC,25,51,12,39,16.3,103.6,112.2,-8.6,10.5,1.15,12.5,2.5,14.9,8.5,10.9,45.5,49.1,19.6,100.34,6.6,1732,5005350.0,130457848.0,3.8
Justin Holiday,SAC,33,74,25,49,27.8,108.8,113.9,-5.1,8.6,1.83,14.4,1.4,8.0,4.6,7.9,52.8,54.3,15.6,100.27,5.7,4302,6006420.0,130457848.0,4.6
Trae Young,ATL,23,76,40,36,34.9,117.2,114.9,2.3,44.2,2.43,26.1,1.9,8.7,5.3,10.7,53.6,60.3,33.3,100.20,16.1,5550,8326471.0,135166020.0,6.2
Clint Capela,ATL,28,74,40,34,27.6,116.6,113.3,3.3,6.2,2.09,11.3,13.3,28.4,20.8,5.4,61.3,60.4,14.9,100.22,13.3,4257,17603448.0,135166020.0,13.0
John Collins,ATL,24,54,26,28,30.8,113.5,112.7,0.8,8.8,1.63,11.2,5.6,19.0,12.4,6.8,57.6,61.0,20.2,98.71,11.9,3423,23000000.0,135166020.0,17.0
Gorgui Dieng,ATL,32,44,23,21,8.4,100.3,109.5,-9.2,15.5,1.70,19.2,8.3,23.8,16.0,11.3,60.3,62.4,16.4,100.22,11.8,779,4000000.0,135166020.0,3.0
Onyeka Okongwu,ATL,21,48,26,22,20.7,114.6,109.1,5.5,7.8,1.20,14.4,11.7,16.3,14.1,11.9,69.0,71.4,13.7,98.92,10.9,2043,6104280.0,135166020.0,4.5
Danilo Gallinari,ATL,33,66,35,31,25.3,116.0,112.6,3.4,8.6,2.66,12.5,2.1,16.1,9.2,4.7,52.8,57.9,18.2,99.77,9.9,3471,20475000.0,135166020.0,15.1
Bogdan Bogdanovic,ATL,29,63,33,30,29.3,116.6,112.1,4.5,15.2,2.77,17.5,1.6,11.6,6.7,6.3,53.7,56.2,21.2,98.89,9.8,3818,18000000.0,135166020.0,13.3
Delon Wright,ATL,30,77,42,35,18.9,111.6,108.8,2.8,17.8,4.18,35.4,3.5,11.6,7.5,8.5,53.5,57.6,10.1,99.19,9.7,2991,8526316.0,135166020.0,6.3
Kevin Huerter,ATL,23,74,40,34,29.6,116.4,112.5,3.8,12.5,2.23,18.9,1.4,9.8,5.6,8.5,55.9,57.0,16.9,100.31,7.2,4570,4253357.0,135166020.0,3.1
De'Andre Hunter,ATL,24,53,28,25,29.8,114.6,113.9,0.7,6.0,0.99,8.7,1.6,9.3,5.5,8.8,50.6,54.7,19.4,100.17,5.8,3294,7775400.0,135166020.0,5.8
Jarrett Allen,CLE,24,56,35,21,32.3,110.0,106.7,3.3,7.9,0.98,11.1,10.9,21.3,16.3,11.3,67.8,69.8,17.7,97.30,16.0,3674,20000000.0,136385911.0,14.7
Kevin Love,CLE,33,74,38,36,22.5,108.9,107.4,1.5,15.3,1.63,14.5,5.1,25.8,15.5,8.9,55.3,59.4,23.9,99.97,15.2,3487,31258256.0,136385911.0,22.9
Darius Garland,CLE,22,68,37,31,35.7,113.6,106.9,6.6,37.8,2.35,27.8,1.7,7.4,4.6,11.8,53.6,57.6,27.2,97.42,13.4,4954,7040880.0,136385911.0,5.2
Moses Brown,CLE,22,40,19,21,8.6,102.4,108.5,-6.2,0.5,0.05,0.6,11.0,25.7,18.6,12.3,59.3,61.2,19.9,101.07,11.7,723,1933909.0,136385911.0,1.4
Evan Mobley,CLE,20,69,40,29,33.8,108.5,106.8,1.7,11.7,1.31,14.0,6.3,17.4,12.0,10.7,52.2,54.9,20.1,97.50,11.6,4741,8075160.0,136385911.0,5.9
Caris LeVert,CLE,27,58,23,35,30.7,112.7,114.5,-1.8,21.9,2.30,19.2,2.4,9.7,6.0,8.3,49.2,52.5,25.2,97.93,9.8,3634,17500000.0,136385911.0,12.8
Lauri Markkanen,CLE,25,61,32,29,30.8,113.9,109.9,3.9,6.2,1.50,8.9,3.3,14.7,9.2,5.9,54.2,58.2,19.2,97.70,9.7,3831,15690909.0,136385911.0,11.5
Rajon Rondo,CLE,36,39,16,23,17.9,98.9,106.8,-7.8,36.6,2.50,40.2,2.0,11.8,7.0,16.1,47.4,49.6,15.2,101.99,9.6,1486,7500000.0,136385911.0,5.5
Brandon Goodwin,CLE,26,36,19,17,13.9,106.3,112.6,-6.3,27.8,2.53,30.7,2.8,11.0,6.8,12.2,47.7,50.1,17.7,96.14,8.8,1009,343988.0,136385911.0,0.3
Cedi Osman,CLE,27,66,37,29,22.1,107.5,109.2,-1.8,14.4,2.01,16.3,1.7,8.0,4.9,8.1,54.4,56.3,20.6,99.48,8.1,3028,8133334.0,136385911.0,6.0
Dylan Windler,CLE,25,50,28,22,9.2,101.6,101.6,0.0,11.1,2.13,21.8,4.7,14.6,9.8,10.3,48.5,51.9,11.5,97.47,6.9,928,2239200.0,136385911.0,1.6
Dean Wade,CLE,25,51,27,24,19.2,105.8,103.8,2.0,7.7,3.25,17.6,3.1,12.0,7.5,5.4,57.4,58.4,10.7,97.79,6.8,1996,1782621.0,136385911.0,1.3
Lamar Stevens,CLE,24,63,35,28,16.1,108.4,109.7,-1.3,6.6,1.07,10.1,4.8,11.2,8.1,9.4,51.7,54.4,16.9,98.00,6.8,2066,1517981.0,136385911.0,1.1
Isaac Okoro,CLE,21,67,34,33,29.6,112.4,109.3,3.1,8.3,2.09,17.8,3.7,6.5,5.2,8.5,54.4,58.9,12.3,97.54,5.7,4014,6720720.0,136385911.0,4.9
Karl-Anthony Towns,MIN,26,74,44,30,33.5,116.9,111.6,5.3,17.7,1.19,14.2,7.4,21.0,14.1,11.9,59.1,64.0,27.2,101.48,15.9,5232,31650600.0,137432702.0,23.0
Nathan Knight,MIN,24,37,22,15,7.2,105.5,101.9,3.6,12.6,1.22,14.1,11.4,17.4,14.5,11.5,53.4,60.3,20.3,104.06,12.1,580,462629.0,137432702.0,0.3
D'Angelo Russell,MIN,26,65,39,26,31.9,114.5,109.8,4.7,32.0,2.79,27.0,1.1,8.9,5.0,9.7,50.2,54.4,24.6,102.39,11.4,4431,30013500.0,137432702.0,21.8
Anthony Edwards,MIN,20,72,39,33,34.2,114.6,110.6,4.0,17.3,1.45,15.0,2.3,11.3,6.7,10.4,52.7,56.0,26.2,101.18,11.1,5189,10245480.0,137432702.0,7.5
Jaylen Nowell,MIN,22,62,37,25,15.7,114.5,111.7,2.8,19.7,3.61,21.1,2.2,10.0,6.1,5.8,55.1,58.1,20.5,103.50,10.8,2107,1782621.0,137432702.0,1.3
Naz Reid,MIN,22,77,42,35,15.8,105.5,107.9,-2.4,9.1,0.87,10.3,7.4,16.1,11.5,11.8,54.9,58.8,20.9,103.86,10.3,2616,1782621.0,137432702.0,1.3
Jarred Vanderbilt,MIN,23,74,41,33,25.4,115.5,110.5,5.0,6.6,1.29,16.0,10.7,21.2,15.8,12.5,59.0,61.2,10.8,101.00,10.3,3941,4050000.0,137432702.0,2.9
Patrick Beverley,MIN,33,58,33,25,25.4,113.6,109.8,3.7,24.9,3.67,32.1,3.8,11.9,7.7,8.7,50.1,53.9,15.8,101.06,9.4,3105,14320987.0,137432702.0,10.4
Jordan McLaughlin,MIN,26,62,36,26,14.5,111.4,109.0,2.4,25.8,4.74,41.4,2.3,7.5,4.9,8.7,50.7,53.5,11.5,105.44,8.8,1976,2000000.0,137432702.0,1.5
Malik Beasley,MIN,25,79,46,33,25.0,112.1,110.1,2.0,8.5,2.70,11.3,1.2,10.0,5.4,4.2,53.2,54.4,18.9,103.24,8.1,4250,14491964.0,137432702.0,10.5
Taurean Prince,MIN,28,69,40,29,17.1,111.6,110.9,0.7,8.0,1.28,12.5,2.1,12.0,7.0,9.8,56.4,58.9,16.6,104.57,7.6,2553,13334375.0,137432702.0,9.7
Jake Layman,MIN,28,34,20,14,6.8,105.3,108.7,-3.4,5.5,0.90,9.0,2.5,12.3,7.4,10.0,46.6,50.0,16.0,105.34,6.4,509,3940184.0,137432702.0,2.9
Jaden McDaniels,MIN,21,70,40,30,25.8,109.9,109.3,0.6,6.3,1.05,10.8,3.8,11.5,7.5,10.2,53.2,55.3,14.9,102.49,6.1,3840,2063280.0,137432702.0,1.5
Josh Okogie,MIN,23,49,23,26,10.5,104.1,101.6,2.5,6.6,1.09,14.5,4.9,7.7,6.2,13.3,47.1,52.6,11.5,104.93,4.8,1133,4087904.0,137432702.0,3.0
Leandro Bolmaro,MIN,21,35,19,16,6.9,102.6,102.5,0.2,11.8,1.62,22.3,6.2,10.7,8.4,13.8,36.1,41.9,12.2,105.58,3.8,531,2353320.0,137432702.0,1.7
Jayson Tatum,BOS,24,76,49,27,35.9,115.5,103.4,12.1,20.4,1.54,14.5,3.2,18.0,10.9,9.4,52.6,57.8,31.3,98.12,15.9,5578,28103500.0,138096726.0,20.4
Jaylen Brown,BOS,25,66,43,23,33.6,113.5,103.8,9.8,17.3,1.30,13.1,2.4,14.5,8.8,10.1,54.1,57.4,29.8,98.57,13.5,4563,26758928.0,138096726.0,19.4
Al Horford,BOS,35,69,46,23,29.1,112.8,103.4,9.3,15.9,3.57,25.6,5.4,20.1,13.0,7.2,54.6,57.4,14.7,98.03,12.3,4096,27000000.0,138096726.0,19.6
Payton Pritchard,BOS,24,71,46,25,14.1,109.4,107.2,2.2,22.2,3.39,24.7,3.1,9.3,6.3,7.3,56.4,57.8,18.0,98.23,10.7,2057,2137440.0,138096726.0,1.5
Derrick White,BOS,27,75,40,35,29.3,111.3,106.4,4.9,23.1,3.08,26.5,1.7,9.4,5.6,8.6,49.3,54.9,19.6,100.43,10.1,4589,15678571.0,138096726.0,11.4
Marcus Smart,BOS,28,71,47,24,32.3,114.5,105.2,9.3,24.5,2.62,30.4,1.8,9.3,5.7,11.6,50.1,54.0,17.9,99.02,9.5,4737,14339285.0,138096726.0,10.4
Daniel Theis,BOS,30,47,20,27,20.8,104.4,108.4,-3.9,6.8,0.89,10.0,6.1,15.9,11.3,11.2,57.6,59.5,16.2,100.35,9.0,2040,8280351.0,138096726.0,6.0
Grant Williams,BOS,23,77,49,28,24.4,112.5,108.0,4.5,5.8,1.26,12.8,3.5,10.7,7.2,10.2,59.7,63.5,12.3,98.40,6.7,3832,2617800.0,138096726.0,1.9
Kelan Martin,BOS,26,30,14,16,15.0,102.4,108.6,-6.2,7.2,1.50,9.9,3.5,8.6,5.9,6.6,47.4,48.4,18.0,98.09,6.0,921,993760.0,138096726.0,0.7
Aaron Nesmith,BOS,22,52,32,20,11.0,107.3,104.3,3.0,5.7,0.71,9.0,2.5,11.7,7.3,12.7,48.1,50.7,16.4,100.58,4.8,1196,3631200.0,138096726.0,2.6
Stephen Curry,GSW,34,64,45,19,34.5,114.1,103.4,10.7,28.6,1.96,20.8,1.5,12.6,7.3,10.6,55.4,60.1,29.3,100.83,15.5,4649,45780966.0,178980766.0,25.6
Draymond Green,GSW,32,46,34,12,28.9,110.0,102.8,7.2,32.5,2.30,42.2,3.4,20.4,12.2,18.3,55.6,58.2,14.0,101.20,11.9,2797,24026712.0,178980766.0,13.4
Gary Payton II,GSW,29,71,47,24,17.6,110.6,102.3,8.3,7.6,1.60,13.5,5.8,13.2,9.7,8.4,67.9,67.9,14.0,100.35,11.4,2591,1669178.0,178980766.0,0.9
Klay Thompson,GSW,32,32,17,15,29.4,111.4,108.0,3.3,15.3,2.05,12.1,1.5,10.6,6.2,5.9,52.9,54.7,28.4,101.53,11.4,1990,37980720.0,178980766.0,21.2
Jordan Poole,GSW,22,76,49,27,30.0,112.1,105.5,6.6,20.7,1.63,18.4,1.5,9.4,5.6,11.3,54.8,59.8,25.2,100.05,11.1,4765,2161440.0,178980766.0,1.2
Nemanja Bjelica,GSW,34,71,48,23,16.1,109.2,104.0,5.2,20.4,1.83,25.4,5.5,18.7,12.4,13.9,54.7,57.3,17.5,99.35,11.0,2368,2089448.0,178980766.0,1.2
Andre Iguodala,GSW,38,31,20,11,19.4,105.7,97.0,8.7,26.3,4.07,41.8,3.5,11.7,7.8,10.3,45.0,47.8,11.3,99.57,10.3,1253,2641691.0,178980766.0,1.5
Kevon Looney,GSW,26,82,53,29,21.1,113.2,107.2,6.0,12.7,2.46,25.2,12.0,21.0,16.6,10.2,57.1,58.6,12.0,99.65,10.2,3574,5178572.0,178980766.0,2.9
Jonathan Kuminga,GSW,19,70,44,26,16.9,109.5,107.5,1.9,8.7,0.86,9.3,4.7,13.9,9.6,10.8,56.7,60.0,22.7,99.79,9.8,2457,5466360.0,178980766.0,3.1
Andrew Wiggins,GSW,27,73,47,26,31.9,111.2,105.4,5.8,10.9,1.45,11.6,3.6,9.5,6.6,8.0,54.3,56.0,22.4,99.79,9.7,4836,31579390.0,178980766.0,17.6
Damion Lee,GSW,29,63,41,22,19.9,109.3,106.5,2.8,7.2,1.66,12.2,2.2,13.6,8.1,7.3,52.3,56.1,15.6,99.80,8.1,2622,1910860.0,178980766.0,1.1
Juan Toscano-Anderson,GSW,29,73,51,22,13.6,109.8,106.9,2.9,18.0,1.87,27.6,3.0,14.3,8.9,14.8,54.9,56.1,14.4,99.03,8.0,2045,1701593.0,178980766.0,1.0
Moses Moody,GSW,20,52,35,17,11.7,104.8,108.9,-4.0,5.6,1.77,9.8,2.8,9.8,6.4,5.6,54.6,57.3,14.8,101.00,6.9,1282,3562200.0,178980766.0,2.0
Chris Chiozza,GSW,26,34,21,13,10.9,100.4,108.3,-7.9,26.4,2.03,36.3,2.3,7.3,4.8,17.9,40.1,40.7,13.2,97.32,3.9,759,462629.0,178980766.0,0.3
Jonas Valanciunas,NOP,30,74,34,40,30.3,111.4,110.2,1.2,13.7,1.06,13.2,10.0,28.0,18.9,12.5,57.4,61.7,23.8,97.63,15.3,4562,14000000.0,135793968.0,10.3
Brandon Ingram,NOP,24,55,29,26,34.0,112.7,109.4,3.3,26.8,2.03,19.5,1.9,15.2,8.6,9.6,49.8,55.4,29.1,98.07,13.9,3817,29467800.0,135793968.0,21.7
Willy Hernangomez,NOP,28,50,22,28,16.8,112.5,114.2,-1.6,11.3,1.24,12.5,15.3,24.0,19.4,10.1,52.6,58.2,21.1,101.84,13.1,1773,2327220.0,135793968.0,1.7
CJ McCollum,NOP,30,62,28,34,34.6,112.1,114.0,-1.9,23.8,2.48,18.8,2.4,10.1,6.2,7.6,53.9,55.3,26.9,99.14,11.9,4437,30864198.0,135793968.0,22.7
Jaxson Hayes,NOP,22,70,29,41,20.0,109.7,109.2,0.5,4.7,0.80,7.5,8.0,14.6,11.3,9.4,64.1,68.0,15.9,99.98,11.0,2914,5348280.0,135793968.0,3.9
Jose Alvarado,NOP,24,54,25,29,15.4,112.1,104.8,7.3,26.1,3.80,29.9,2.9,9.4,6.0,7.9,50.0,52.0,17.4,100.67,10.7,1756,1925406.0,135793968.0,1.4
Gary Clark,NOP,27,38,20,18,10.0,105.6,107.8,-2.1,6.7,1.80,14.9,5.7,17.4,11.5,8.3,53.4,54.7,11.0,101.21,8.7,797,811213.0,135793968.0,0.6
Naji Marshall,NOP,24,55,23,32,13.4,105.7,108.0,-2.2,12.6,1.35,14.7,4.7,14.2,9.2,10.9,44.4,50.5,19.7,102.03,8.2,1557,1517981.0,135793968.0,1.1
Garrett Temple,NOP,36,59,23,36,18.6,101.0,114.7,-13.7,10.2,1.76,17.2,2.4,10.6,6.3,9.8,47.6,49.4,13.6,99.35,5.7,2267,4910000.0,135793968.0,3.6
Tony Snell,NOP,30,53,19,34,15.5,104.8,112.6,-7.8,4.7,1.47,12.8,1.8,10.7,6.1,8.7,53.5,54.1,9.9,99.59,4.3,1714,2389641.0,135793968.0,1.8
JaVale McGee,PHX,34,74,57,17,15.8,110.4,104.6,5.8,5.5,0.43,6.4,13.4,26.6,20.1,14.9,63.1,65.1,21.4,102.00,15.2,2479,5000000.0,136476474.0,3.7
Chris Paul,PHX,37,65,53,12,32.9,115.6,105.5,10.0,43.4,4.59,41.8,1.1,11.3,6.4,9.1,53.6,58.1,19.7,100.10,15.0,4466,30800000.0,136476474.0,22.6
Deandre Ayton,PHX,23,58,46,12,29.5,117.2,107.7,9.6,7.1,0.92,9.0,9.3,24.1,17.2,9.7,63.9,65.6,21.7,100.62,14.8,3590,12632950.0,136476474.0,9.3
Devin Booker,PHX,25,68,56,12,34.5,117.6,108.1,9.5,21.2,2.03,16.0,2.0,11.7,7.1,7.9,53.0,57.6,31.3,101.21,13.7,4943,31650600.0,136476474.0,23.2
Cameron Payne,PHX,27,58,46,12,22.0,109.1,102.7,6.3,31.8,2.74,27.9,1.8,10.9,6.5,10.2,46.9,50.0,23.5,102.83,10.7,2725,6500000.0,136476474.0,4.8
Cameron Johnson,PHX,26,66,50,16,26.2,110.8,104.6,6.2,7.9,2.11,12.4,2.3,12.3,7.5,5.9,59.6,62.5,16.7,102.22,10.5,3680,4437000.0,136476474.0,3.3
Bismack Biyombo,PHX,29,36,30,6,14.1,111.8,106.2,5.6,6.4,0.92,10.3,11.7,20.7,16.1,11.2,59.3,59.6,16.7,99.44,10.2,1045,1518213.0,136476474.0,1.1
Mikal Bridges,PHX,25,82,64,18,34.8,116.7,106.9,9.8,8.4,2.72,15.7,2.7,8.9,6.0,5.8,60.1,62.7,14.9,100.59,9.1,5976,5557725.0,136476474.0,4.1
Aaron Holiday,PHX,25,63,34,29,16.2,106.8,108.2,-1.4,22.3,2.28,26.1,2.3,9.2,5.8,11.4,50.4,54.4,18.2,99.57,8.8,2113,3980551.0,136476474.0,2.9
Jae Crowder,PHX,31,67,54,13,28.1,116.1,105.9,10.2,8.0,2.25,16.4,1.7,16.0,9.2,7.3,51.6,54.1,14.6,101.06,7.7,3966,9720900.0,136476474.0,7.1
Torrey Craig,PHX,31,78,36,42,20.5,106.8,111.8,-5.0,8.2,1.36,14.7,5.0,13.7,9.3,10.8,54.1,55.6,13.9,100.36,7.3,3329,4878049.0,136476474.0,3.6
Landry Shamet,PHX,25,69,53,16,20.8,107.8,102.9,4.9,10.4,2.63,16.3,1.0,7.2,4.1,6.2,52.1,55.0,16.0,101.89,6.9,3045,3768342.0,136476474.0,2.8
Elfrid Payton,PHX,28,50,39,11,11.0,103.0,105.0,-2.0,25.2,2.11,29.6,3.5,11.5,7.5,14.0,39.4,39.7,17.5,102.32,6.7,1161,2239544.0,136476474.0,1.6
Montrezl Harrell,CHA,28,71,36,35,23.1,111.6,108.5,3.0,13.9,2.01,16.2,9.2,16.3,12.9,8.0,64.9,68.0,19.8,99.24,15.0,3383,9720900.0,122139566.0,8.0
LaMelo Ball,CHA,20,75,39,36,32.3,114.0,112.5,1.5,34.1,2.33,26.4,4.2,15.7,9.8,11.3,51.7,55.4,27.1,102.88,13.2,5200,8231760.0,122139566.0,6.7
Miles Bridges,CHA,24,80,41,39,35.5,114.5,112.4,2.1,15.3,2.00,16.6,3.0,15.8,9.4,8.3,55.4,59.3,22.4,100.98,12.0,5975,5421493.0,122139566.0,4.4
Terry Rozier,CHA,28,73,38,35,33.7,113.3,112.0,1.4,19.7,3.40,19.8,2.1,10.1,6.1,5.8,53.9,56.6,22.7,101.03,11.4,5175,17905263.0,122139566.0,14.7
Gordon Hayward,CHA,32,49,26,23,31.9,110.7,111.0,-0.4,16.0,2.19,18.8,2.2,11.4,6.7,8.6,52.8,57.0,20.2,102.99,10.2,3352,29925000.0,122139566.0,24.5
Mason Plumlee,CHA,32,73,40,33,24.6,110.5,109.6,0.9,16.5,2.26,31.3,9.1,20.5,14.8,13.8,64.1,60.3,11.7,101.31,9.3,3771,9248333.0,122139566.0,7.6
Nick Richards,CHA,24,50,25,25,7.3,102.4,115.4,-13.0,5.4,0.54,9.0,8.6,13.7,11.1,16.6,66.7,68.9,14.7,103.02,8.6,785,1517981.0,122139566.0,1.2
Jalen McDaniels,CHA,24,55,34,21,16.3,111.7,109.1,2.6,8.9,1.61,15.2,3.9,13.8,8.9,9.4,56.5,59.5,15.2,100.96,8.2,1882,1782621.0,122139566.0,1.5
Cody Martin,CHA,26,71,41,30,26.3,113.1,113.0,0.1,12.4,2.93,25.2,4.3,10.8,7.5,8.6,55.4,57.9,12.0,100.54,8.0,3895,1782621.0,122139566.0,1.5
Isaiah Thomas,CHA,33,22,12,10,15.2,107.8,109.0,-1.3,15.5,2.27,15.0,1.2,7.1,4.2,6.6,48.5,51.6,24.5,101.89,7.4,707,910926.0,122139566.0,0.7
James Bouknight,CHA,21,31,15,16,9.8,108.0,114.2,-6.2,13.2,1.73,13.3,6.4,9.0,7.7,7.7,40.8,45.9,22.6,103.73,6.0,654,4154400.0,122139566.0,3.4
JT Thor,CHA,19,33,18,15,7.9,107.2,106.9,0.3,9.7,1.90,20.7,4.0,11.1,7.7,10.9,50.0,52.5,11.6,102.46,6.0,555,1250000.0,122139566.0,1.0
Kristaps Porzingis,WAS,26,51,26,25,29.0,109.9,109.5,0.4,13.3,1.47,10.9,6.8,20.4,13.7,7.4,51.0,57.7,28.6,97.92,15.0,3030,31650600.0,128019790.0,24.7
Bradley Beal,WAS,28,40,17,23,36.0,107.1,110.5,-3.5,30.9,1.96,21.1,2.6,9.9,6.4,10.8,49.2,53.9,29.7,99.36,12.3,2979,33724200.0,128019790.0,26.3
Daniel Gafford,WAS,23,72,30,42,20.1,108.6,115.5,-6.9,7.1,1.05,11.3,10.7,16.9,13.9,10.8,69.3,70.8,16.0,99.27,12.2,2985,1782621.0,128019790.0,1.4
Kyle Kuzma,WAS,26,66,29,37,33.4,108.2,114.3,-6.1,16.4,1.38,16.2,3.2,21.3,12.6,11.8,52.0,54.7,23.8,98.94,11.8,4541,13000000.0,128019790.0,10.2
Thomas Bryant,WAS,24,27,8,19,16.3,103.7,112.8,-9.1,8.3,1.21,11.1,6.0,18.7,12.4,9.1,56.1,60.7,18.8,98.05,10.6,900,8666667.0,128019790.0,6.8
Rui Hachimura,WAS,24,42,16,26,22.5,108.7,115.8,-7.1,8.0,1.45,9.8,2.7,14.3,8.6,6.7,56.3,57.9,20.5,98.62,9.9,1943,4916160.0,128019790.0,3.8
Deni Avdija,WAS,21,82,35,47,24.2,109.2,110.1,-1.0,11.7,1.92,18.7,2.7,18.2,10.6,9.7,50.3,53.6,15.8,99.88,8.6,4118,4692840.0,128019790.0,3.7
Raul Neto,WAS,30,70,29,41,19.6,109.6,112.9,-3.3,22.8,2.75,27.7,1.0,8.9,5.0,10.1,50.2,53.8,18.0,99.32,8.5,2842,2089448.0,128019790.0,1.6
Anthony Gill,WAS,29,44,15,29,10.5,114.7,108.9,5.8,8.0,1.50,15.2,7.5,11.2,9.4,10.1,63.3,68.2,13.8,100.53,8.1,972,1517981.0,128019790.0,1.2
Kentavious Caldwell-Pope,WAS,29,77,34,43,30.2,109.1,113.8,-4.7,9.0,1.49,12.8,1.8,9.3,5.6,8.6,53.1,56.8,18.5,99.28,8.0,4816,13038862.0,128019790.0,10.2
Tomas Satoransky,WAS,30,55,21,34,16.5,104.4,112.4,-8.0,28.5,4.00,41.3,2.9,11.0,6.9,10.3,40.6,46.1,12.4,98.73,7.6,1857,10000000.0,128019790.0,7.8
Corey Kispert,WAS,23,77,31,46,23.4,113.0,112.9,0.1,6.4,1.70,12.6,3.0,8.4,5.8,7.4,56.4,58.6,14.2,98.52,6.7,3712,3383640.0,128019790.0,2.6
Brad Wanamaker,WAS,32,23,10,13,13.9,104.0,110.3,-6.4,24.3,2.39,33.3,1.8,10.7,6.1,13.9,39.0,47.2,14.6,98.82,5.3,657,814918.0,128019790.0,0.6
DeMar DeRozan,CHI,32,76,43,33,36.1,113.1,112.0,1.1,22.8,2.07,16.0,2.1,12.2,7.2,7.8,52.1,59.0,30.8,100.04,14.8,5723,26000000.0,136083814.0,19.1
Nikola Vucevic,CHI,31,73,41,32,33.1,111.3,112.8,-1.6,15.3,1.74,15.0,6.0,27.4,16.8,8.6,51.8,53.3,24.4,99.04,13.2,5000,24000000.0,136083814.0,17.6
Zach LaVine,CHI,27,67,37,30,34.7,112.5,113.4,-0.9,20.7,1.77,16.7,1.0,12.1,6.7,9.4,55.4,60.5,28.4,99.36,12.9,4827,19500000.0,136083814.0,14.3
Lonzo Ball,CHI,24,35,22,13,34.6,110.1,107.0,3.1,20.3,2.17,27.2,2.9,12.5,7.7,12.5,56.7,57.5,17.0,100.11,9.7,2530,18604651.0,136083814.0,13.7
Tony Bradley,CHI,24,55,28,27,10.0,110.2,105.0,5.2,6.5,0.79,13.7,12.3,19.6,16.1,17.3,58.5,60.0,12.8,101.80,9.6,1169,1789256.0,136083814.0,1.3
Tristan Thompson,CHI,31,57,20,37,15.7,112.1,115.7,-3.6,5.4,0.76,8.5,12.5,19.6,15.9,11.3,53.0,54.1,16.8,99.54,8.6,1859,9946611.0,136083814.0,7.3
Coby White,CHI,22,61,32,29,27.5,112.3,113.6,-1.2,14.7,2.51,18.9,1.1,9.9,5.5,7.5,53.9,56.4,19.5,99.50,8.0,3476,5837760.0,136083814.0,4.3
Patrick Williams,CHI,20,17,9,8,24.8,107.8,113.3,-5.5,5.1,0.94,10.0,4.0,13.2,8.4,10.7,60.3,63.7,13.9,99.51,7.8,872,7422000.0,136083814.0,5.5
Javonte Green,CHI,28,65,38,27,23.4,113.6,112.0,1.6,5.1,2.00,13.1,6.2,12.0,9.2,6.5,59.7,63.7,11.3,100.50,7.7,3167,1669178.0,136083814.0,1.2
Alex Caruso,CHI,28,41,24,17,28.0,110.5,105.5,5.1,19.4,2.89,32.4,2.9,10.1,6.4,11.2,48.0,52.8,13.0,99.49,7.7,2372,8600000.0,136083814.0,6.3
Ayo Dosunmu,CHI,22,77,42,35,27.4,109.1,114.1,-5.0,16.4,2.37,27.5,1.3,9.0,5.2,11.6,58.5,59.6,13.8,100.31,7.0,4418,925258.0,136083814.0,0.7
Matt Thomas,CHI,27,40,23,17,11.5,109.5,108.5,1.1,5.9,2.50,11.8,0.7,9.6,5.3,4.7,54.1,56.4,13.7,101.01,6.8,977,1669178.0,136083814.0,1.2
Paul George,LAC,32,31,18,13,34.8,108.2,103.9,4.2,28.6,1.40,17.6,1.1,17.1,9.4,12.6,49.3,53.8,32.9,99.95,14.8,2242,39344970.0,168378382.0,23.4
Isaiah Hartenstein,LAC,24,68,37,31,17.9,112.1,105.0,7.0,19.3,1.90,24.0,9.7,15.8,13.0,12.6,64.5,66.4,17.7,100.73,13.2,2547,1729217.0,168378382.0,1.0
Ivica Zubac,LAC,25,76,40,36,24.4,108.7,112.2,-3.5,9.7,1.05,14.4,11.5,22.3,17.0,13.7,62.6,66.0,16.8,98.13,12.3,3786,7518518.0,168378382.0,4.5
Nicolas Batum,LAC,33,59,31,28,24.8,105.4,109.8,-4.4,9.9,2.50,18.5,1.9,14.6,8.2,7.4,60.2,60.8,13.0,99.74,9.6,3041,12026998.0,168378382.0,7.1
Luke Kennard,LAC,25,70,35,35,27.4,110.0,106.6,3.4,11.1,2.43,16.9,1.0,10.0,5.7,6.9,59.8,61.9,16.0,98.54,9.5,3963,13347727.0,168378382.0,7.9
Terance Mann,LAC,25,81,41,40,28.6,108.6,107.1,1.5,13.1,2.49,19.8,4.4,12.7,8.6,8.0,53.9,57.2,15.7,98.84,9.5,4768,1782621.0,168378382.0,1.1
Norman Powell,LAC,29,45,15,30,32.4,110.6,118.7,-8.1,10.6,1.39,11.0,1.3,8.9,5.0,7.9,54.9,60.3,23.1,99.29,9.4,3027,15517242.0,168378382.0,9.2
Reggie Jackson,LAC,32,75,38,37,31.2,108.2,109.4,-1.3,24.5,2.08,19.7,1.6,9.2,5.5,9.5,46.0,48.8,27.3,98.77,8.8,4804,10384500.0,168378382.0,6.2
Amir Coffey,LAC,24,69,33,36,22.7,110.1,111.0,-0.9,11.2,2.76,18.1,1.7,10.2,6.0,6.6,55.6,59.8,15.4,100.02,8.6,3258,573576.0,168378382.0,0.3
Robert Covington,LAC,31,71,34,37,27.3,110.9,110.2,0.6,6.6,1.23,13.2,3.0,16.7,9.8,10.8,54.8,57.2,13.4,99.73,8.0,4035,12975471.0,168378382.0,7.7
Rodney Hood,LAC,29,52,30,22,13.6,108.8,107.9,0.8,7.4,3.45,17.8,2.1,8.1,5.2,5.1,46.5,49.3,10.6,100.37,5.1,1482,2239544.0,168378382.0,1.3
Semi Ojeleye,LAC,27,30,14,16,13.5,97.8,114.4,-16.6,3.3,1.00,6.9,5.7,11.1,8.3,6.9,37.9,43.8,12.6,100.12,4.1,845,1789256.0,168378382.0,1.1
Jusuf Nurkic,POR,27,56,25,31,28.2,109.9,110.1,-0.1,16.0,1.10,15.5,10.1,28.3,19.1,14.1,54.8,58.6,23.3,98.80,14.2,3257,12000000.0,124788473.0,9.6
Damian Lillard,POR,31,29,12,17,36.4,113.0,114.8,-1.8,32.1,2.55,23.0,1.2,10.4,5.7,9.0,48.6,55.0,28.8,99.37,12.6,2191,39344900.0,124788473.0,31.5
Drew Eubanks,POR,25,71,19,52,17.5,103.1,115.9,-12.8,10.7,1.05,14.3,9.7,19.7,14.6,13.6,60.2,63.8,17.1,100.74,11.9,2616,2239820.0,124788473.0,1.8
Josh Hart,POR,27,54,20,34,33.2,108.4,113.2,-4.9,19.0,1.96,22.5,3.3,18.3,10.7,11.4,56.9,61.0,18.4,99.35,11.7,3699,12000000.0,124788473.0,9.6
Cody Zeller,POR,29,27,13,14,13.1,108.8,110.9,-2.1,8.7,1.16,14.2,12.8,21.2,16.8,12.3,56.7,62.7,15.3,101.20,10.3,742,2389641.0,124788473.0,1.9
Anfernee Simons,POR,22,57,25,32,29.5,110.5,112.9,-2.5,21.9,1.92,18.8,1.5,7.5,4.4,9.8,55.5,58.3,24.4,98.43,10.2,3447,3938818.0,124788473.0,3.2
Trendon Watford,POR,21,48,16,32,18.1,100.5,118.4,-17.9,15.2,1.84,18.7,6.0,16.3,10.9,10.2,54.9,59.0,16.9,102.67,9.7,1852,768830.0,124788473.0,0.6
Eric Bledsoe,POR,32,54,27,27,25.2,105.2,106.4,-1.2,25.1,1.94,26.3,2.0,10.5,6.3,13.6,47.5,51.4,19.8,99.80,9.5,2826,18125000.0,124788473.0,14.5
Justise Winslow,POR,26,48,24,24,16.1,108.1,105.9,2.1,15.5,1.71,20.0,6.0,17.7,12.0,11.7,45.7,47.9,17.8,103.14,9.3,1661,3902439.0,124788473.0,3.1
Nassir Little,POR,22,42,19,23,25.9,110.2,111.1,-0.9,7.4,1.35,12.0,5.2,15.8,10.5,8.9,54.1,57.5,15.5,98.46,9.1,2231,2316240.0,124788473.0,1.9
Joe Ingles,POR,34,45,28,17,24.9,111.9,103.7,8.2,19.5,3.43,31.7,1.0,9.9,5.6,9.2,54.0,55.1,12.9,99.09,7.7,2315,13036364.0,124788473.0,10.4
Ben McLemore,POR,29,64,20,44,20.1,101.9,115.0,-13.1,7.7,1.07,8.6,0.9,7.2,3.9,8.0,54.1,56.7,20.7,100.73,7.0,2697,2389641.0,124788473.0,1.9
Brandon Williams,POR,22,24,2,22,26.7,101.2,121.6,-20.4,23.5,1.62,19.7,2.6,8.9,5.5,12.2,42.7,47.6,24.6,100.92,6.9,1346,180798.0,124788473.0,0.1
CJ Elleby,POR,21,58,17,41,20.2,102.6,116.9,-14.3,10.9,1.55,17.8,5.2,14.1,9.4,11.5,45.3,49.1,14.3,100.44,6.0,2459,1517981.0,124788473.0,1.2
Keon Johnson,POR,20,37,8,29,18.8,100.8,119.8,-19.0,17.4,1.65,18.2,3.1,8.3,5.6,11.0,41.5,45.3,20.7,99.90,5.2,1444,2553240.0,124788473.0,2.0
Elijah Hughes,POR,24,36,15,21,12.1,98.2,121.8,-23.7,7.9,1.29,11.8,1.3,11.8,6.5,9.1,41.3,42.6,15.8,102.19,3.7,920,1517981.0,124788473.0,1.2
Keljin Blevins,POR,26,31,4,27,11.3,97.1,124.9,-27.7,8.3,1.12,12.5,4.2,9.0,6.4,11.2,40.1,41.0,16.1,100.85,2.5,732,462629.0,124788473.0,0.4
Christian Wood,HOU,26,68,19,49,30.8,106.6,115.7,-9.1,12.4,1.23,11.9,5.1,26.5,15.8,9.6,57.6,59.5,23.3,101.90,14.2,4443,13666667.0,132267085.0,10.3
Alperen Sengun,HOU,19,72,18,54,20.7,106.4,116.6,-10.2,19.3,1.28,19.4,8.9,17.4,13.0,15.2,50.2,55.2,21.4,101.69,9.9,3161,3214680.0,132267085.0,2.4
David Nwaba,HOU,29,46,6,40,13.2,106.9,115.9,-9.0,8.5,1.67,13.3,6.1,17.9,11.7,8.0,52.6,56.7,15.0,103.15,9.9,1309,4650000.0,132267085.0,3.5
Jae'Sean Tate,HOU,26,78,19,59,26.4,105.3,114.2,-8.9,17.1,1.60,19.0,6.3,13.5,9.8,11.9,54.1,56.7,19.4,101.95,9.0,4361,1517981.0,132267085.0,1.1
Usman Garuba,HOU,20,24,2,22,10.0,118.6,111.5,7.0,8.4,2.83,24.3,8.3,26.3,17.0,8.6,48.9,51.0,9.1,104.06,8.7,517,2353320.0,132267085.0,1.8
Jalen Green,HOU,20,67,12,55,31.9,105.7,116.9,-11.3,13.2,1.30,12.9,1.5,8.8,5.1,9.9,50.8,54.7,23.4,102.50,8.5,4563,8992080.0,132267085.0,6.8
Josh Christopher,HOU,20,74,18,56,18.0,106.9,116.1,-9.2,17.0,1.32,18.4,3.7,10.3,6.9,14.0,50.4,53.4,20.5,102.59,8.3,2846,2259240.0,132267085.0,1.7
Eric Gordon,HOU,33,57,19,38,29.3,108.6,113.6,-5.1,13.7,1.44,17.5,0.9,5.6,3.3,12.2,58.5,61.4,18.2,102.74,8.1,3576,18218818.0,132267085.0,13.8
Garrison Mathews,HOU,25,65,19,46,26.3,110.7,116.5,-5.9,5.2,1.56,10.2,1.8,9.3,5.4,6.5,55.0,60.2,13.7,102.47,6.1,3653,2000000.0,132267085.0,1.5
Daishen Nix,HOU,20,24,3,21,10.9,104.4,111.0,-6.6,20.8,1.54,27.2,2.6,10.3,6.4,17.7,45.5,48.0,16.7,104.29,5.9,564,923078.0,132267085.0,0.7
Pascal Siakam,TOR,28,68,40,28,37.9,114.3,109.6,4.8,22.4,1.99,18.8,4.6,18.2,11.1,9.5,52.5,56.5,25.7,96.31,13.9,5177,33003936.0,134896484.0,24.5
Fred VanVleet,TOR,28,65,39,26,37.9,112.2,108.5,3.7,26.6,2.55,24.3,1.6,10.0,5.7,9.5,51.3,55.2,23.3,96.97,11.8,4986,19675926.0,134896484.0,14.6
Chris Boucher,TOR,29,80,48,32,21.1,111.0,105.7,5.3,2.2,0.60,3.4,9.5,18.3,13.7,5.8,52.3,57.0,17.2,97.60,11.1,3440,7020000.0,134896484.0,5.2
Thaddeus Young,TOR,33,52,27,25,16.3,106.1,106.3,-0.2,17.7,2.00,23.2,8.8,15.2,11.9,11.6,55.0,54.8,16.9,99.55,10.9,1764,14190000.0,134896484.0,10.5
Scottie Barnes,TOR,20,74,43,31,35.4,110.2,108.4,1.8,15.0,1.88,18.1,6.8,14.1,10.2,9.6,52.4,55.2,18.7,97.03,10.9,5277,7280400.0,134896484.0,5.4
OG Anunoby,TOR,24,48,31,17,36.0,112.0,108.1,3.9,10.8,1.56,13.1,4.0,11.6,7.6,8.4,52.6,54.9,20.4,97.07,9.2,3494,16071429.0,134896484.0,11.9
Precious Achiuwa,TOR,22,73,46,27,23.6,108.7,106.7,1.9,7.2,0.98,9.9,7.5,18.8,12.8,10.2,48.6,50.3,18.0,96.88,8.9,3483,2711280.0,134896484.0,2.0
Yuta Watanabe,TOR,27,38,21,17,11.7,105.7,109.6,-3.9,6.7,1.11,10.7,3.5,15.8,9.3,9.7,50.4,52.4,16.1,102.15,7.5,940,1762796.0,134896484.0,1.3
Malachi Flynn,TOR,24,44,25,19,12.2,109.2,111.8,-2.6,18.5,5.38,25.4,1.6,9.7,5.3,4.7,47.5,48.8,15.7,99.97,7.4,1120,2048040.0,134896484.0,1.5
Justin Champagnie,TOR,20,36,21,15,7.8,115.4,108.0,7.4,5.1,1.38,12.2,11.1,12.6,11.8,8.9,53.7,57.1,11.1,99.31,7.0,585,462629.0,134896484.0,0.3
Dalano Banton,TOR,22,64,37,27,10.9,106.6,105.1,1.5,19.7,1.87,26.5,4.8,12.4,8.3,14.2,44.3,46.3,15.9,99.80,7.0,1452,925258.0,134896484.0,0.7
Khem Birch,TOR,29,55,34,21,18.0,112.3,112.4,-0.1,7.4,1.93,17.7,11.2,12.8,12.0,9.2,48.5,53.4,10.8,97.39,6.8,2021,6350000.0,134896484.0,4.7
Armoni Brooks,TOR,23,54,20,34,15.6,108.3,112.1,-3.8,10.5,2.30,16.1,2.1,9.7,5.8,7.0,46.7,48.3,15.9,100.95,5.4,1769,1739065.0,134896484.0,1.3
Markelle Fultz,ORL,24,18,6,12,20.0,103.7,109.1,-5.3,44.8,2.48,30.5,1.0,11.6,6.3,12.3,48.6,51.7,26.5,103.01,13.4,774,16500000.0,126786646.0,13.0
Moritz Wagner,ORL,25,63,16,47,15.2,105.3,112.6,-7.2,15.1,1.55,14.6,4.1,19.0,11.5,9.4,58.1,62.3,22.4,102.12,12.4,2041,1729217.0,126786646.0,1.4
Mo Bamba,ORL,24,71,19,52,25.7,101.8,111.3,-9.6,7.3,1.10,10.5,7.7,21.4,14.6,9.5,56.6,58.2,17.0,100.13,11.4,3800,7568743.0,126786646.0,6.0
Cole Anthony,ORL,22,65,18,47,31.7,105.7,111.1,-5.4,28.1,2.17,23.8,1.5,14.5,8.0,10.9,46.4,51.9,24.5,99.82,10.6,4283,3449400.0,126786646.0,2.7
Franz Wagner,ORL,20,79,21,58,30.7,105.9,110.8,-4.9,15.1,1.94,16.2,3.3,10.6,6.9,8.4,51.7,55.9,20.8,100.13,10.2,5070,5007840.0,126786646.0,3.9
Chuma Okeke,ORL,23,70,21,49,25.0,100.3,109.1,-8.8,10.4,2.07,15.1,2.4,16.5,9.2,7.3,47.8,50.1,15.9,101.68,9.3,3709,3277080.0,126786646.0,2.6
Robin Lopez,ORL,34,36,9,27,17.0,103.3,109.7,-6.4,14.2,1.23,16.8,9.8,8.9,9.4,13.7,55.8,57.0,18.2,99.78,7.6,1280,5000000.0,126786646.0,3.9
Terrence Ross,ORL,31,63,14,49,23.0,101.9,113.8,-11.9,12.7,1.55,14.6,1.3,9.4,5.2,9.5,46.7,51.5,19.6,101.14,7.5,3059,12500000.0,126786646.0,9.9
Gary Harris,ORL,27,61,16,45,28.4,104.2,110.1,-5.9,9.4,1.77,14.2,2.0,4.8,3.4,8.0,53.9,57.1,16.0,100.66,6.6,3631,20932143.0,126786646.0,16.5
Jalen Suggs,ORL,20,48,16,32,27.2,100.6,107.8,-7.1,24.9,1.46,21.5,1.9,10.2,6.1,14.7,40.0,45.5,24.4,102.44,6.4,2785,6592920.0,126786646.0,5.2
Ignas Brazdeikis,ORL,23,42,9,33,12.8,100.6,116.4,-15.7,11.0,2.18,14.4,3.8,9.0,6.2,6.6,50.3,52.0,17.2,101.58,6.1,1136,462629.0,126786646.0,0.4
Admiral Schofield,ORL,25,38,10,28,12.3,100.3,113.8,-13.5,8.4,1.19,13.8,3.3,14.6,8.8,11.6,51.9,53.8,14.3,99.88,5.5,977,723741.0,126786646.0,0.6
Shai Gilgeous-Alexander,OKC,23,56,16,40,34.7,106.6,113.0,-6.4,29.3,2.15,19.4,1.7,11.4,6.5,9.0,49.6,55.7,29.8,101.41,13.4,4102,5495532.0,82022873.0,6.7
Mike Muscala,OKC,30,43,15,28,13.8,106.7,104.9,1.8,6.0,1.57,7.2,3.2,16.6,9.9,4.6,59.7,63.0,19.8,102.15,13.1,1261,3500000.0,82022873.0,4.3
Josh Giddey,OKC,19,54,17,37,31.5,101.1,109.4,-8.3,32.5,2.02,28.2,5.2,17.5,11.3,14.0,46.1,47.8,21.8,99.95,11.4,3538,5988000.0,82022873.0,7.3
Isaiah Roby,OKC,24,45,10,35,21.1,104.6,113.4,-8.8,11.7,1.65,14.5,7.4,14.5,10.9,8.8,58.2,60.7,18.5,102.08,10.1,2014,1782621.0,82022873.0,2.2
Kenrich Williams,OKC,27,49,17,32,21.9,102.0,100.3,1.7,15.9,2.35,21.7,6.2,12.3,9.2,9.3,52.5,53.2,15.3,99.24,10.1,2211,2000000.0,82022873.0,2.4
Derrick Favors,OKC,30,39,15,24,16.7,95.5,106.5,-11.0,6.1,2.78,11.0,7.9,17.8,12.8,3.9,52.2,53.4,13.1,99.83,9.6,1360,9720900.0,82022873.0,11.9
Aleksej Pokusevski,OKC,20,61,19,42,20.2,103.6,106.1,-2.5,16.1,1.39,18.6,5.4,18.9,12.1,13.4,47.0,48.5,19.5,100.66,9.5,2595,3113160.0,82022873.0,3.8
Darius Bazley,OKC,21,69,19,50,27.9,101.8,113.1,-11.3,7.8,1.08,10.7,3.4,17.6,10.4,9.9,48.4,51.5,18.0,100.92,9.3,4038,2513040.0,82022873.0,3.1
Jeremiah Robinson-Earl,OKC,21,49,15,34,22.2,101.1,110.9,-9.8,6.9,1.26,11.2,6.1,17.2,11.5,8.9,50.3,52.6,15.2,99.57,8.4,2247,2000000.0,82022873.0,2.4
Lindy Waters III,OKC,24,25,6,19,18.6,108.5,113.2,-4.7,7.8,2.18,11.3,1.2,14.0,7.5,5.2,55.7,56.2,16.6,102.81,8.2,1000,159527.0,82022873.0,0.2
Ty Jerome,OKC,24,48,15,33,16.7,98.9,100.4,-1.5,22.9,2.95,22.1,2.1,7.2,4.5,7.5,46.0,48.8,20.5,98.98,8.1,1661,2412840.0,82022873.0,2.9
Olivier Sarr,OKC,23,22,6,16,19.1,106.0,108.0,-2.0,6.6,0.86,12.3,7.8,13.3,10.6,14.3,63.9,67.2,13.6,100.59,7.9,877,223339.0,82022873.0,0.3
Luguentz Dort,OKC,23,51,17,34,32.7,101.9,110.1,-8.1,8.7,1.00,8.9,2.0,9.7,5.8,8.9,49.3,54.1,22.8,100.75,7.7,3490,1782621.0,82022873.0,2.2
Theo Maledon,OKC,20,51,14,37,17.8,101.8,112.3,-10.5,18.8,1.71,20.7,2.0,11.8,6.8,12.1,44.5,50.0,20.1,100.47,7.5,1901,2000000.0,82022873.0,2.4
Tre Mann,OKC,21,60,17,43,22.8,101.7,112.0,-10.3,10.8,1.28,11.6,1.7,10.1,5.8,9.0,47.6,50.1,21.3,100.48,6.9,2869,2901240.0,82022873.0,3.5
Aaron Wiggins,OKC,23,50,13,37,24.2,104.5,112.6,-8.1,8.3,1.26,13.8,4.0,9.8,6.9,10.9,52.5,55.6,14.9,101.60,6.2,2546,1305761.0,82022873.0,1.6
Vit Krejci,OKC,21,30,8,22,23.0,103.3,116.1,-12.8,11.7,1.97,21.7,2.4,12.1,7.0,11.0,50.3,52.9,12.5,101.02,5.6,1455,925258.0,82022873.0,1.1
Malcolm Brogdon,IND,29,36,14,22,33.5,110.8,111.1,-0.4,27.1,2.75,23.6,2.6,12.1,7.4,8.6,50.1,55.7,24.1,98.49,12.9,2479,21700000.0,138181486.0,15.7
Tyrese Haliburton,IND,22,77,26,51,35.0,110.0,115.9,-6.0,33.5,3.16,34.6,2.2,9.3,5.6,11.0,56.2,59.5,18.4,100.67,12.2,5655,4023600.0,138181486.0,2.9
Jalen Smith,IND,22,51,29,22,18.1,112.0,109.3,2.7,3.8,0.57,5.2,10.1,21.6,15.7,9.1,56.0,59.5,19.3,100.73,11.9,1930,4458000.0,138181486.0,3.2
Ricky Rubio,IND,31,34,20,14,28.5,108.6,99.5,9.1,34.8,2.50,29.3,1.5,12.2,6.9,11.7,43.4,48.8,23.4,100.86,11.1,2038,17800000.0,138181486.0,12.9
Myles Turner,IND,26,42,15,27,29.4,109.7,109.9,-0.3,5.3,0.81,8.2,5.2,18.8,12.0,10.1,58.7,61.5,17.3,97.75,11.1,2511,18000000.0,138181486.0,13.0
Terry Taylor,IND,22,33,7,26,21.6,112.2,119.1,-6.9,8.1,1.78,13.4,12.9,11.7,12.3,7.5,64.1,65.6,15.1,102.08,9.7,1514,895125.0,138181486.0,0.6
Lance Stephenson,IND,31,46,11,35,17.7,110.4,117.4,-7.0,29.8,2.29,27.7,1.4,14.9,7.9,12.1,49.7,53.6,21.9,101.25,9.6,1720,1614825.0,138181486.0,1.2
Isaiah Jackson,IND,20,36,9,27,15.0,113.3,116.1,-2.8,2.7,0.25,3.4,10.9,15.7,13.3,13.6,57.5,60.7,21.4,103.00,9.3,1158,2451240.0,138181486.0,1.8
Chris Duarte,IND,24,55,21,34,28.0,107.6,109.7,-2.0,11.0,1.27,13.1,2.6,11.7,7.1,10.3,50.7,53.7,20.7,99.30,8.9,3193,3749400.0,138181486.0,2.7
Goga Bitadze,IND,22,50,17,33,14.6,114.0,116.4,-2.4,11.0,1.20,14.0,10.6,13.9,12.2,11.7,56.5,59.5,19.1,100.69,8.8,1531,3098400.0,138181486.0,2.2
Buddy Hield,IND,29,81,26,55,30.8,111.4,115.1,-3.6,13.5,1.50,15.1,2.5,11.4,6.8,10.1,52.6,54.8,21.4,100.47,8.4,5242,23073234.0,138181486.0,16.7
Oshae Brissett,IND,23,67,19,48,23.3,110.8,116.8,-6.0,6.4,1.33,10.2,6.5,16.5,11.3,7.7,49.3,53.0,16.6,101.21,7.9,3288,1701593.0,138181486.0,1.2
Justin Anderson,IND,28,16,3,13,19.7,116.7,116.9,-0.1,13.5,4.13,23.1,1.3,14.2,7.6,5.6,45.8,49.3,14.9,100.00,6.7,652,445828.0,138181486.0,0.3
Keifer Sykes,IND,28,32,6,26,17.7,108.5,112.9,-4.5,16.2,1.88,21.3,1.4,6.9,4.0,11.3,43.4,45.6,17.4,98.86,3.9,1159,558345.0,138181486.0,0.4
Obi Toppin,NYK,24,72,32,40,17.1,110.9,104.0,6.9,10.5,1.38,11.6,5.6,15.5,10.7,8.5,58.6,61.4,20.5,97.48,12.9,2494,5105160.0,120644081.0,4.2
Derrick Rose,NYK,33,26,11,15,24.5,109.1,103.3,5.8,26.6,2.64,24.0,3.2,8.0,5.7,9.1,51.3,54.1,21.7,97.53,12.9,1300,13445120.0,120644081.0,11.1
Julius Randle,NYK,27,72,32,40,35.3,108.0,111.6,-3.6,25.1,1.51,18.2,4.5,22.5,13.2,12.0,45.9,50.9,27.9,97.68,12.8,5187,19800000.0,120644081.0,16.4
Mitchell Robinson,NYK,24,72,32,40,25.7,109.1,111.2,-2.1,3.2,0.63,7.3,14.5,17.1,15.8,11.5,76.1,72.2,11.0,97.08,11.4,3739,1802057.0,120644081.0,1.5
Immanuel Quickley,NYK,22,78,35,43,23.1,111.4,104.8,6.6,24.4,2.78,23.3,1.7,11.4,6.6,8.4,48.7,54.3,21.7,96.27,11.0,3626,2210640.0,120644081.0,1.8
Alec Burks,NYK,30,81,37,44,28.6,110.3,108.1,2.3,15.8,2.63,20.5,1.9,14.8,8.2,7.8,49.9,55.9,17.1,96.97,9.9,4691,9536000.0,120644081.0,7.9
RJ Barrett,NYK,21,70,33,37,34.5,108.3,111.6,-3.3,14.6,1.38,12.0,2.5,13.6,7.9,8.7,46.6,51.1,26.8,97.79,9.9,4932,8623920.0,120644081.0,7.1
Kemba Walker,NYK,32,37,16,21,25.6,105.4,114.5,-9.1,22.0,2.73,22.7,1.4,9.9,5.5,8.3,50.1,53.7,20.2,98.92,9.8,1951,34967442.0,120644081.0,29.0
Cam Reddish,NYK,22,49,20,29,20.7,103.2,113.0,-9.8,7.8,0.84,8.5,2.3,7.5,4.8,10.1,48.5,54.3,21.3,100.62,7.9,2118,4670160.0,120644081.0,3.9
Jericho Sims,NYK,23,41,19,22,13.5,109.3,102.9,6.5,5.4,1.05,19.3,10.8,18.7,14.8,18.3,72.2,67.4,6.8,99.02,7.4,1146,462629.0,120644081.0,0.4
Evan Fournier,NYK,29,80,36,44,29.5,109.7,112.5,-2.7,11.4,1.63,13.3,1.3,7.3,4.2,8.2,54.1,55.4,20.1,97.94,7.4,4828,17142857.0,120644081.0,14.2
Quentin Grimes,NYK,22,46,21,25,17.1,102.0,105.0,-3.0,9.5,1.57,14.0,2.8,8.5,5.6,8.9,55.7,56.5,14.9,96.70,7.0,1581,2168640.0,120644081.0,1.8
Nerlens Noel,NYK,28,25,10,15,22.5,104.1,109.8,-5.7,6.0,1.15,19.8,8.4,16.1,12.3,17.2,53.3,58.1,7.2,98.91,6.9,1157,8800000.0,120644081.0,7.3
Taj Gibson,NYK,36,52,24,28,18.2,107.4,104.2,3.3,5.0,1.19,12.9,8.8,13.9,11.4,10.8,56.3,60.6,9.9,96.74,6.9,1897,4910000.0,120644081.0,4.1
Miles McBride,NYK,21,40,19,21,9.3,113.1,100.1,13.0,15.9,8.20,25.8,1.1,9.7,5.6,3.1,37.5,39.3,13.7,97.30,4.1,756,925258.0,120644081.0,0.8
DeMarcus Cousins,DEN,31,48,33,15,14.9,113.8,111.7,2.2,15.3,0.84,13.3,10.3,28.1,19.0,16.0,51.7,56.7,26.7,100.69,11.7,1507,2038942.0,137963926.0,1.5
Monte Morris,DEN,26,75,44,31,29.9,116.3,110.4,6.0,20.1,4.27,27.3,1.3,8.7,5.2,6.4,56.4,58.3,17.3,98.55,9.8,4601,8449074.0,137963926.0,6.1
Bones Hyland,DEN,21,69,41,28,19.0,113.4,111.7,1.7,22.0,2.22,21.2,1.1,13.3,7.2,9.6,51.8,55.8,23.1,99.84,9.6,2722,2096880.0,137963926.0,1.5
Aaron Gordon,DEN,26,75,46,29,31.7,117.3,111.1,6.2,10.9,1.41,15.0,5.7,12.9,9.5,10.6,57.3,60.2,19.4,99.00,9.6,4908,16409091.0,137963926.0,11.9
Will Barton,DEN,31,71,41,30,32.1,112.5,110.4,2.0,17.1,2.17,20.4,2.0,12.8,7.5,9.4,52.5,54.8,20.5,99.34,9.5,4713,15625000.0,137963926.0,11.3
JaMychal Green,DEN,31,67,36,31,16.2,106.8,110.3,-3.5,8.4,1.04,12.1,7.3,18.7,12.9,11.7,53.7,58.7,16.8,99.32,9.3,2241,8200000.0,137963926.0,5.9
Davon Reed,DEN,26,48,29,19,13.9,109.8,109.5,0.3,11.5,3.31,22.6,2.1,14.0,8.1,6.8,61.8,62.4,11.7,100.30,8.3,1382,532398.0,137963926.0,0.4
Zeke Nnaji,DEN,21,41,24,17,17.0,107.2,110.4,-3.2,3.7,0.74,6.6,7.7,14.1,10.7,9.0,61.6,62.9,14.6,99.25,7.8,1443,2498760.0,137963926.0,1.8
Jeff Green,DEN,35,75,44,31,24.7,113.3,111.5,1.8,7.1,1.35,12.3,2.4,10.0,6.3,9.1,57.4,62.7,16.0,99.56,7.5,3831,4500000.0,137963926.0,3.3
Bryn Forbes,DEN,28,75,36,39,17.1,109.3,109.8,-0.5,8.6,1.34,10.7,0.7,6.3,3.5,8.0,54.2,57.4,20.1,101.29,7.4,2731,4500000.0,137963926.0,3.3
Facundo Campazzo,DEN,31,65,38,27,18.2,102.1,110.7,-8.6,27.6,3.28,35.7,1.9,8.0,4.8,10.9,45.9,50.3,14.3,99.38,7.3,2451,3100000.0,137963926.0,2.2
Austin Rivers,DEN,29,67,41,26,22.1,113.0,111.1,1.9,8.2,1.67,17.6,1.4,6.3,3.9,10.5,53.0,54.6,12.3,98.91,4.3,3047,2401537.0,137963926.0,1.7
Jerami Grant,DET,28,47,11,36,31.9,102.9,110.7,-7.8,13.0,1.31,11.1,1.7,10.8,6.0,8.5,49.1,55.6,25.3,98.31,11.2,3082,20002500.0,131120355.0,15.3
Hamidou Diallo,DET,23,58,14,44,21.9,103.1,110.7,-7.6,9.8,1.26,10.2,4.9,16.2,10.3,8.1,51.8,54.1,21.3,100.69,10.7,2657,5200000.0,131120355.0,4.0
Kelly Olynyk,DET,31,40,13,27,19.1,108.4,113.3,-4.9,21.4,1.91,22.6,6.7,17.0,11.6,11.8,51.7,56.1,20.7,101.76,10.5,1623,12195122.0,131120355.0,9.3
Cade Cunningham,DET,20,64,20,44,32.6,106.9,113.1,-6.2,28.3,1.52,21.0,2.6,14.3,8.3,13.8,47.1,50.4,27.3,98.71,10.0,4290,10050120.0,131120355.0,7.7
Saddiq Bey,DET,23,82,23,59,33.0,104.7,114.0,-9.3,13.8,2.43,14.8,3.5,12.5,7.8,6.1,48.9,52.9,20.9,99.32,10.0,5605,2824320.0,131120355.0,2.2
Saben Lee,DET,22,37,8,29,16.3,105.1,110.8,-5.7,27.4,2.97,30.3,2.6,11.3,6.7,10.2,42.9,49.9,16.9,100.22,10.0,1257,1489065.0,131120355.0,1.1
Isaiah Stewart,DET,21,71,21,50,25.6,102.6,112.1,-9.5,7.0,0.96,11.7,11.1,21.7,16.1,12.1,52.6,55.0,14.4,98.58,9.6,3723,3277080.0,131120355.0,2.5
Cory Joseph,DET,30,65,19,46,24.6,105.3,111.7,-6.4,22.0,2.79,31.1,1.7,9.2,5.3,11.1,52.6,57.9,14.1,98.63,8.1,3290,7310000.0,131120355.0,5.6
Rodney McGruder,DET,30,51,13,38,14.8,105.0,108.7,-3.7,9.4,2.00,15.5,3.7,10.4,6.9,7.8,56.4,57.7,14.2,101.56,7.7,1597,1939350.0,131120355.0,1.5
Luka Garza,DET,23,32,3,29,12.2,104.6,110.9,-6.3,8.6,1.11,9.6,13.0,11.6,12.4,8.6,50.3,53.5,19.5,102.18,7.5,823,925258.0,131120355.0,0.7
Isaiah Livers,DET,23,19,8,11,20.2,113.8,114.6,-0.8,7.7,1.40,15.9,3.7,10.9,7.2,11.4,60.6,62.9,12.5,98.25,6.6,783,1057260.0,131120355.0,0.8
Killian Hayes,DET,20,66,21,45,25.0,102.6,112.9,-10.3,24.3,2.50,31.5,2.0,10.8,6.1,12.6,43.1,46.1,15.4,100.32,6.6,3437,5572680.0,131120355.0,4.3
Frank Jackson,DET,24,53,9,44,22.0,104.1,110.9,-6.8,7.7,1.45,8.9,1.5,5.8,3.6,6.2,49.1,53.0,20.3,101.18,6.4,2445,3000000.0,131120355.0,2.3
Justin Robinson,DET,24,25,13,12,12.1,93.8,111.3,-17.5,17.5,1.88,21.9,1.1,5.1,3.1,11.6,39.8,40.4,15.3,104.54,2.3,658,265953.0,131120355.0,0.2
